model_name,model_family,feature_set,target_variant,params,cv_rmse_mean,cv_rmse_std,val_rmse_none,val_rmse_smearing,val_rmse_validation_multiplier,best_correction,best_factor,best_val_rmse,n_features,n_train_rows,fit_seconds,selected_features
"SVR_RBF | winsorized | {'C': 1.0, 'epsilon': 0.1, 'gamma': 'scale'}",SVR_RBF,FULL,winsorized,"{""C"": 1.0, ""epsilon"": 0.1, ""gamma"": ""scale""}",97915.29377004252,88383.71820686388,38138.84432032963,38693.92783222978,37603.91682650413,validation_multiplier,1.141891891891892,37603.91682650413,303,1758,7.042705535888672,
"SVR_RBF | raw | {'C': 1.0, 'epsilon': 0.1, 'gamma': 'scale'}",SVR_RBF,FULL,raw,"{""C"": 1.0, ""epsilon"": 0.1, ""gamma"": ""scale""}",97915.5663755039,88383.95262302755,38135.74588473772,37981.339185858895,37604.94776420879,validation_multiplier,1.136936936936937,37604.94776420879,303,1758,6.485974788665772,
"SVR_RBF | winsorized | {'C': 1.0, 'epsilon': 0.2, 'gamma': 'scale'}",SVR_RBF,FULL,winsorized,"{""C"": 1.0, ""epsilon"": 0.2, ""gamma"": ""scale""}",98227.56372961352,88234.81146969409,38511.7586628838,38686.83582201954,37649.68247490737,validation_multiplier,1.1864864864864866,37649.68247490737,303,1758,5.815400123596191,
"SVR_RBF | raw | {'C': 1.0, 'epsilon': 0.2, 'gamma': 'scale'}",SVR_RBF,FULL,raw,"{""C"": 1.0, ""epsilon"": 0.2, ""gamma"": ""scale""}",98226.19958925442,88235.8115854726,38507.40273690314,38020.845385477856,37652.79560687101,validation_multiplier,1.1815315315315316,37652.79560687101,303,1758,5.840445280075073,
"SVR_RBF | raw | {'C': 1.0, 'epsilon': 0.2, 'gamma': 0.0003}",SVR_RBF,FULL,raw,"{""C"": 1.0, ""epsilon"": 0.2, ""gamma"": 0.0003}",97310.94774174815,88555.85345982255,38021.7933961292,38062.00833041141,37865.50912815028,validation_multiplier,1.0725225225225226,37865.50912815028,303,1758,5.4306347370147705,
"SVR_RBF | winsorized | {'C': 1.0, 'epsilon': 0.2, 'gamma': 0.0003}",SVR_RBF,FULL,winsorized,"{""C"": 1.0, ""epsilon"": 0.2, ""gamma"": 0.0003}",97310.6189810898,88556.17433533572,38035.418324283455,37902.74283672747,37874.12176968384,validation_multiplier,1.0725225225225226,37874.12176968384,303,1758,5.467430591583252,
"SVR_RBF | raw | {'C': 1.0, 'epsilon': 0.1, 'gamma': 0.0003}",SVR_RBF,FULL,raw,"{""C"": 1.0, ""epsilon"": 0.1, ""gamma"": 0.0003}",97056.17505467226,88694.04743885026,37986.2803994643,38085.97840187201,37900.3013485254,validation_multiplier,1.0527027027027027,37900.3013485254,303,1758,6.4285948276519775,
"SVR_RBF | winsorized | {'C': 1.0, 'epsilon': 0.1, 'gamma': 0.0003}",SVR_RBF,FULL,winsorized,"{""C"": 1.0, ""epsilon"": 0.1, ""gamma"": 0.0003}",97056.44155549146,88694.16225906559,37986.71084710009,37927.32223785166,37900.99538521196,validation_multiplier,1.0527027027027027,37900.99538521196,303,1758,6.607925415039063,
"SVR_RBF | raw | {'C': 3.0, 'epsilon': 0.1, 'gamma': 0.0003}",SVR_RBF,FULL,raw,"{""C"": 3.0, ""epsilon"": 0.1, ""gamma"": 0.0003}",97672.79767731304,88481.43289254696,38338.24315870631,39120.8732506679,38330.86724021555,validation_multiplier,0.9833333333333334,38330.86724021555,303,1758,6.590414524078369,
"SVR_RBF | winsorized | {'C': 3.0, 'epsilon': 0.1, 'gamma': 0.0003}",SVR_RBF,FULL,winsorized,"{""C"": 3.0, ""epsilon"": 0.1, ""gamma"": 0.0003}",97672.4115672602,88481.69112728258,38338.49561133268,38405.45586083248,38331.238147871365,validation_multiplier,0.9833333333333334,38331.238147871365,303,1758,6.620748519897461,
"SVR_RBF | raw | {'C': 3.0, 'epsilon': 0.2, 'gamma': 0.0003}",SVR_RBF,FULL,raw,"{""C"": 3.0, ""epsilon"": 0.2, ""gamma"": 0.0003}",97861.66843929623,88393.24478141461,38593.13252060817,39515.95860188963,38592.77925425054,validation_multiplier,0.9981981981981982,38592.77925425054,303,1758,6.539572238922119,
"SVR_RBF | winsorized | {'C': 3.0, 'epsilon': 0.2, 'gamma': 0.0003}",SVR_RBF,FULL,winsorized,"{""C"": 3.0, ""epsilon"": 0.2, ""gamma"": 0.0003}",97861.66653507735,88393.15554439521,38593.917939947656,38687.24314320728,38593.56612223064,validation_multiplier,0.9981981981981982,38593.56612223064,303,1758,5.749892234802246,
"LASSO_Selected_SVR_RBF | winsorized | {'lasso_alpha': 0.003, 'max_features': 60, 'n_selected': 60, 'C': 1.0, 'gamma': 'scale', 'epsilon': 0.1}",LASSO_Selected_SVR_RBF,LASSO_SELECTED_FULL,winsorized,"{""lasso_alpha"": 0.003, ""max_features"": 60, ""n_selected"": 60, ""C"": 1.0, ""gamma"": ""scale"", ""epsilon"": 0.1}",97799.67610050538,88326.19885372091,39720.52068175116,39725.80747890278,39588.84015578341,validation_multiplier,1.0675675675675675,39588.84015578341,60,1758,3.2917516231536865,"coding.years.professional;coding.years.professional_sq;region__R17;ai.job.threat____Missing__;experience.years_missing;uses.ai;prog_languages__javascript;ai_search_tools__github_copilot;personal_os__windows_subsystem_for_linux_wsl;cloud_platforms__vmware;first.help.source____Missing__;region__R06;employment.type__Part-time;web_frameworks__node_js;employment.type__Student;how_learned_coding__school_i_e_university_college_etc;cloud_platforms__google_cloud;comm_tools__skype;dev_tools__yarn;databases__dynamodb;comm_tools__slack;personal_os__macos;dev_tools__docker;region__R02;project_mgmt_tools__notion;ai_tools_used__search_for_answers;age.group;dev_environments__xcode;prog_languages_count;dev_tools__visual_studio_solution;dev_environments__intellij_idea;dev_tools__kubernetes;dev_tools_count;prog_languages__java;databases__microsoft_sql_server;prog_languages__assembly;side_coding__i_dont_code_outside_of_work;ai_tools_used__generating_content_or_synthetic_data;personal_os__ios;project_mgmt_tools__jira;ai_tools_used__documenting_code;side_coding__school_or_academic_work;employment.type__Full-time;databases__mysql;industry__Transportation, or Supply Chain;ai_search_tools__google_gemini;dev.role__Developer, front-end;company.size;prog_languages__csharp;cloud_platforms_count;comm_tools__google_meet;ai_search_tools__chatgpt;databases__bigquery;dev_tools__maven_build_tool;side_coding__other_please_specify;dev_tools__terraform;work.location__Remote;personal_os__ipados;work_os__android;region__R13"
"SVR_RBF | raw | {'C': 3.0, 'epsilon': 0.1, 'gamma': 'scale'}",SVR_RBF,FULL,raw,"{""C"": 3.0, ""epsilon"": 0.1, ""gamma"": ""scale""}",100293.6730817864,87181.99824392705,40286.23392263657,40239.65362052308,39912.03186587831,validation_multiplier,1.122072072072072,39912.03186587831,303,1758,7.345034837722778,
"LASSO_Selected_SVR_RBF | raw | {'lasso_alpha': 0.003, 'max_features': 60, 'n_selected': 60, 'C': 1.0, 'gamma': 'scale', 'epsilon': 0.1}",LASSO_Selected_SVR_RBF,LASSO_SELECTED_FULL,raw,"{""lasso_alpha"": 0.003, ""max_features"": 60, ""n_selected"": 60, ""C"": 1.0, ""gamma"": ""scale"", ""epsilon"": 0.1}",97720.55391143034,88325.44227067337,40109.27602206158,39957.38850613158,39957.412799105296,train_smearing,1.0727435126346596,39957.38850613158,60,1758,3.198650360107422,"coding.years.professional;coding.years.professional_sq;region__R17;ai.job.threat____Missing__;experience.years_missing;uses.ai;prog_languages__javascript;ai_search_tools__github_copilot;personal_os__windows_subsystem_for_linux_wsl;cloud_platforms__vmware;first.help.source____Missing__;region__R06;employment.type__Part-time;prog_languages_count;employment.type__Student;cloud_platforms__google_cloud;how_learned_coding__school_i_e_university_college_etc;web_frameworks__node_js;dev_tools__yarn;comm_tools__skype;personal_os__macos;databases__dynamodb;ai_tools_used__search_for_answers;comm_tools__slack;dev_tools__docker;age.group;prog_languages__assembly;personal_os__ios;dev_tools_count;project_mgmt_tools__notion;region__R02;dev_tools__visual_studio_solution;ai_tools_used__generating_content_or_synthetic_data;comm_tools__google_meet;dev_tools__kubernetes;dev_tools__maven_build_tool;dev_environments__xcode;employment.type__Full-time;dev_environments__intellij_idea;company.size;prog_languages__java;ai_tools_used__documenting_code;databases__microsoft_sql_server;side_coding__i_dont_code_outside_of_work;databases__mysql;databases__bigquery;project_mgmt_tools__jira;side_coding__other_please_specify;dev_tools__terraform;industry__Transportation, or Supply Chain;work.location__Remote;prog_languages__csharp;dev.role__Developer, front-end;ai_search_tools__chatgpt;side_coding__school_or_academic_work;ai_search_tools__google_gemini;cloud_platforms_count;dev_environments__nano;web.frameworks_missing;first.help.source__Other"
"SVR_RBF | winsorized | {'C': 3.0, 'epsilon': 0.1, 'gamma': 'scale'}",SVR_RBF,FULL,winsorized,"{""C"": 3.0, ""epsilon"": 0.1, ""gamma"": ""scale""}",100313.8048408874,87177.62035172318,40387.22243940693,40646.08978524515,39990.34575834156,validation_multiplier,1.127027027027027,39990.34575834156,303,1758,7.1168317794799805,
"SVR_RBF | raw | {'C': 3.0, 'epsilon': 0.2, 'gamma': 'scale'}",SVR_RBF,FULL,raw,"{""C"": 3.0, ""epsilon"": 0.2, ""gamma"": ""scale""}",100514.2696232262,87079.00403774754,40635.7582505562,40295.89185043087,40071.241221163655,validation_multiplier,1.156756756756757,40071.241221163655,303,1758,6.997249364852905,
"SVR_RBF | winsorized | {'C': 3.0, 'epsilon': 0.2, 'gamma': 'scale'}",SVR_RBF,FULL,winsorized,"{""C"": 3.0, ""epsilon"": 0.2, ""gamma"": ""scale""}",100544.31934716253,87072.90522348881,40743.52661092364,40640.82317140601,40144.85721442142,validation_multiplier,1.1617117117117115,40144.85721442142,303,1758,6.364327430725098,
"LASSO_Selected_SVR_RBF | winsorized | {'lasso_alpha': 0.001, 'max_features': 60, 'n_selected': 60, 'C': 1.0, 'gamma': 'scale', 'epsilon': 0.1}",LASSO_Selected_SVR_RBF,LASSO_SELECTED_FULL,winsorized,"{""lasso_alpha"": 0.001, ""max_features"": 60, ""n_selected"": 60, ""C"": 1.0, ""gamma"": ""scale"", ""epsilon"": 0.1}",97718.73320077526,87862.5904453926,40713.80718564285,40706.25098948052,40660.266356666536,validation_multiplier,1.042792792792793,40660.266356666536,60,1758,3.183539628982544,"coding.years.professional;coding.years.professional_sq;region__R17;first.help.source____Missing__;experience.years_missing;ai.job.threat____Missing__;uses.ai;industry____Missing__;prog_languages__javascript;prog_languages_count;ai_search_tools__github_copilot;personal_os__windows_subsystem_for_linux_wsl;cloud_platforms__vmware;dev_tools_count;comm_tools__skype;web_frameworks__node_js;employment.type__Part-time;employment.type__Student;dev_tools__yarn;dev_tools__docker;region__R02;how_learned_coding__school_i_e_university_college_etc;project_mgmt_tools__notion;personal_os__macos;comm_tools__google_meet;cloud_platforms__google_cloud;web_frameworks_count;comm_tools_count;databases__dynamodb;region__R06;dev_environments__intellij_idea;age.group;prog_languages__java;project_mgmt_tools__jira;ai.complex.rating_missing;region__R13;ai_tools_used__search_for_answers;dev_environments_count;dev_environments__xcode;dev_tools__visual_studio_solution;region__R11;job.satisfaction_missing;prog_languages__assembly;project_mgmt_tools_count;dev_tools__maven_build_tool;ai_tools_used__generating_content_or_synthetic_data;side_coding__i_dont_code_outside_of_work;dev_tools__kubernetes;employment.type__Full-time;databases__microsoft_sql_server;cloud_platforms_count;ai_tools_used__documenting_code;personal_os__ios;ai_search_tools__chatgpt;company.size;experience.years_sq;dev.role__Developer, front-end;databases__mysql;industry__Transportation, or Supply Chain;dev_tools__terraform"
"LASSO_Selected_SVR_RBF | raw | {'lasso_alpha': 0.001, 'max_features': 60, 'n_selected': 60, 'C': 1.0, 'gamma': 'scale', 'epsilon': 0.1}",LASSO_Selected_SVR_RBF,LASSO_SELECTED_FULL,raw,"{""lasso_alpha"": 0.001, ""max_features"": 60, ""n_selected"": 60, ""C"": 1.0, ""gamma"": ""scale"", ""epsilon"": 0.1}",97759.74543165558,87895.51637171493,40867.00749875483,40859.2104791265,40821.58804363344,validation_multiplier,1.042792792792793,40821.58804363344,60,1758,3.1527822017669678,"coding.years.professional;coding.years.professional_sq;region__R17;first.help.source____Missing__;uses.ai;ai.job.threat____Missing__;experience.years_missing;industry____Missing__;prog_languages__javascript;prog_languages_count;personal_os__windows_subsystem_for_linux_wsl;dev_tools_count;ai_search_tools__github_copilot;cloud_platforms__vmware;comm_tools__skype;web_frameworks__node_js;dev_tools__yarn;employment.type__Student;employment.type__Part-time;comm_tools__google_meet;dev_tools__docker;how_learned_coding__school_i_e_university_college_etc;web_frameworks_count;personal_os__macos;cloud_platforms__google_cloud;region__R02;project_mgmt_tools__notion;comm_tools_count;region__R06;databases__dynamodb;ai_tools_used__search_for_answers;age.group;prog_languages__assembly;dev_tools__maven_build_tool;prog_languages__java;project_mgmt_tools__jira;dev_environments__intellij_idea;experience.years_sq;dev_tools__visual_studio_solution;personal_os__ios;ai_tools_used__generating_content_or_synthetic_data;employment.type__Full-time;cloud_platforms_count;dev_environments_count;region__R13;dev_environments__xcode;company.size;ai.complex.rating_missing;side_coding__i_dont_code_outside_of_work;dev_tools__terraform;daily.search.time_missing;ai_tools_used__documenting_code;databases__microsoft_sql_server;databases__bigquery;dev_tools__kubernetes;databases__mysql;region__R11;ai_search_tools__chatgpt;industry__Transportation, or Supply Chain;project_mgmt_tools_count"
"LinearSVR | winsorized | {'C': 1.0, 'epsilon': 0.2}",LinearSVR,FULL,winsorized,"{""C"": 1.0, ""epsilon"": 0.2}",102022.95205632014,86739.08014737975,42014.81057892511,43537.46953788703,40915.67073063012,validation_multiplier,0.8396396396396397,40915.67073063012,303,1758,69.08729648590088,
LASSO | raw | {'alpha': 0.03},LASSO,FULL,raw,"{""alpha"": 0.03}",100652.21414069568,87444.41439354146,41411.26550337226,52402.92648498196,40916.591122162754,validation_multiplier,1.146846846846847,40916.591122162754,303,1758,0.4237759113311767,
"LinearSVR | raw | {'C': 1.0, 'epsilon': 0.2}",LinearSVR,FULL,raw,"{""C"": 1.0, ""epsilon"": 0.2}",102163.84271421234,86634.59949951245,42079.758571524704,46250.827486539296,40936.12678190506,validation_multiplier,0.8346846846846847,40936.12678190506,303,1758,68.75502038002014,
"KNN | winsorized | {'n_neighbors': 40, 'p': 2, 'weights': 'uniform'}",KNN,FULL,winsorized,"{""n_neighbors"": 40, ""p"": 2, ""weights"": ""uniform""}",103841.12338246428,85689.49837653479,47940.02860173487,40984.61140989121,44102.53776175113,train_smearing,2.027614943943447,40984.61140989121,303,1758,0.7437660694122314,
"LASSO_Selected_SVR_RBF | raw | {'lasso_alpha': 0.003, 'max_features': 40, 'n_selected': 40, 'C': 1.0, 'gamma': 'scale', 'epsilon': 0.1}",LASSO_Selected_SVR_RBF,LASSO_SELECTED_FULL,raw,"{""lasso_alpha"": 0.003, ""max_features"": 40, ""n_selected"": 40, ""C"": 1.0, ""gamma"": ""scale"", ""epsilon"": 0.1}",97815.46925947862,88199.66020708017,41027.34145557836,41197.569166738234,41016.353112473305,validation_multiplier,1.018018018018018,41016.353112473305,40,1758,3.041123390197754,coding.years.professional;coding.years.professional_sq;region__R17;ai.job.threat____Missing__;experience.years_missing;uses.ai;prog_languages__javascript;ai_search_tools__github_copilot;personal_os__windows_subsystem_for_linux_wsl;cloud_platforms__vmware;first.help.source____Missing__;region__R06;employment.type__Part-time;prog_languages_count;employment.type__Student;cloud_platforms__google_cloud;how_learned_coding__school_i_e_university_college_etc;web_frameworks__node_js;dev_tools__yarn;comm_tools__skype;personal_os__macos;databases__dynamodb;ai_tools_used__search_for_answers;comm_tools__slack;dev_tools__docker;age.group;prog_languages__assembly;personal_os__ios;dev_tools_count;project_mgmt_tools__notion;region__R02;dev_tools__visual_studio_solution;ai_tools_used__generating_content_or_synthetic_data;comm_tools__google_meet;dev_tools__kubernetes;dev_tools__maven_build_tool;dev_environments__xcode;employment.type__Full-time;dev_environments__intellij_idea;company.size
"KNN | winsorized | {'n_neighbors': 40, 'p': 1, 'weights': 'uniform'}",KNN,FULL,winsorized,"{""n_neighbors"": 40, ""p"": 1, ""weights"": ""uniform""}",103057.09156940773,85806.95230053237,47031.19145610337,41020.70020946047,43271.75284320611,train_smearing,1.9045765395166128,41020.70020946047,303,1758,1.8543243408203125,
LASSO | winsorized | {'alpha': 0.03},LASSO,FULL,winsorized,"{""alpha"": 0.03}",100632.16963489042,87433.64763584861,41596.02437654998,47167.25275678356,41066.31174664572,validation_multiplier,1.156756756756757,41066.31174664572,303,1758,0.4021511077880859,
"LASSO_Selected_SVR_RBF | raw | {'lasso_alpha': 0.001, 'max_features': 40, 'n_selected': 40, 'C': 1.0, 'gamma': 'scale', 'epsilon': 0.1}",LASSO_Selected_SVR_RBF,LASSO_SELECTED_FULL,raw,"{""lasso_alpha"": 0.001, ""max_features"": 40, ""n_selected"": 40, ""C"": 1.0, ""gamma"": ""scale"", ""epsilon"": 0.1}",97830.91953252783,87978.50711782183,41313.814540010084,41518.717550450296,41313.36116036038,validation_multiplier,1.0031531531531532,41313.36116036038,40,1758,3.1345174312591553,coding.years.professional;coding.years.professional_sq;region__R17;first.help.source____Missing__;uses.ai;ai.job.threat____Missing__;experience.years_missing;industry____Missing__;prog_languages__javascript;prog_languages_count;personal_os__windows_subsystem_for_linux_wsl;dev_tools_count;ai_search_tools__github_copilot;cloud_platforms__vmware;comm_tools__skype;web_frameworks__node_js;dev_tools__yarn;employment.type__Student;employment.type__Part-time;comm_tools__google_meet;dev_tools__docker;how_learned_coding__school_i_e_university_college_etc;web_frameworks_count;personal_os__macos;cloud_platforms__google_cloud;region__R02;project_mgmt_tools__notion;comm_tools_count;region__R06;databases__dynamodb;ai_tools_used__search_for_answers;age.group;prog_languages__assembly;dev_tools__maven_build_tool;prog_languages__java;project_mgmt_tools__jira;dev_environments__intellij_idea;experience.years_sq;dev_tools__visual_studio_solution;personal_os__ios
"LinearSVR | winsorized | {'C': 1.0, 'epsilon': 0.05}",LinearSVR,FULL,winsorized,"{""C"": 1.0, ""epsilon"": 0.05}",101731.22217339788,86786.95983100357,42605.816903925625,43923.013922351565,41355.31963940416,validation_multiplier,0.8297297297297298,41355.31963940416,303,1758,68.0214831829071,
"LinearSVR | raw | {'C': 1.0, 'epsilon': 0.05}",LinearSVR,FULL,raw,"{""C"": 1.0, ""epsilon"": 0.05}",101860.69559267098,86705.30394650994,42633.92739091186,46820.5153478107,41367.4247361146,validation_multiplier,0.8247747747747748,41367.4247361146,303,1758,66.14347743988037,
"LinearSVR | raw | {'C': 0.1, 'epsilon': 0.1}",LinearSVR,FULL,raw,"{""C"": 0.1, ""epsilon"": 0.1}",101765.59319361896,86800.08324628045,42141.900879229695,47416.380897517614,41373.38275304111,validation_multiplier,0.8594594594594596,41373.38275304111,303,1758,6.162665605545044,
"KNN | raw | {'n_neighbors': 40, 'p': 2, 'weights': 'uniform'}",KNN,FULL,raw,"{""n_neighbors"": 40, ""p"": 2, ""weights"": ""uniform""}",103742.37165867133,85736.97647580219,47749.769027833856,41401.885825964775,43943.28971876331,train_smearing,2.18090062436245,41401.885825964775,303,1758,0.9209189414978028,
"LinearSVR | raw | {'C': 0.1, 'epsilon': 0.05}",LinearSVR,FULL,raw,"{""C"": 0.1, ""epsilon"": 0.05}",101691.6845846387,86922.97594539722,42182.05413719668,47296.218023153306,41431.45918612083,validation_multiplier,0.8594594594594596,41431.45918612083,303,1758,5.954716682434082,
"LASSO_Selected_SVR_RBF | winsorized | {'lasso_alpha': 0.001, 'max_features': 40, 'n_selected': 40, 'C': 1.0, 'gamma': 'scale', 'epsilon': 0.1}",LASSO_Selected_SVR_RBF,LASSO_SELECTED_FULL,winsorized,"{""lasso_alpha"": 0.001, ""max_features"": 40, ""n_selected"": 40, ""C"": 1.0, ""gamma"": ""scale"", ""epsilon"": 0.1}",98147.99623879422,88061.3902261393,41441.02639340612,41439.50650246455,41438.42500379404,validation_multiplier,1.0081081081081082,41438.42500379404,40,1758,2.878797769546509,coding.years.professional;coding.years.professional_sq;region__R17;first.help.source____Missing__;experience.years_missing;ai.job.threat____Missing__;uses.ai;industry____Missing__;prog_languages__javascript;prog_languages_count;ai_search_tools__github_copilot;personal_os__windows_subsystem_for_linux_wsl;cloud_platforms__vmware;dev_tools_count;comm_tools__skype;web_frameworks__node_js;employment.type__Part-time;employment.type__Student;dev_tools__yarn;dev_tools__docker;region__R02;how_learned_coding__school_i_e_university_college_etc;project_mgmt_tools__notion;personal_os__macos;comm_tools__google_meet;cloud_platforms__google_cloud;web_frameworks_count;comm_tools_count;databases__dynamodb;region__R06;dev_environments__intellij_idea;age.group;prog_languages__java;project_mgmt_tools__jira;ai.complex.rating_missing;region__R13;ai_tools_used__search_for_answers;dev_environments_count;dev_environments__xcode;dev_tools__visual_studio_solution
"LinearSVR | winsorized | {'C': 0.1, 'epsilon': 0.1}",LinearSVR,FULL,winsorized,"{""C"": 0.1, ""epsilon"": 0.1}",101682.19526932604,86865.37107321357,42196.786837897846,44393.34484276477,41445.64893654673,validation_multiplier,0.8594594594594596,41445.64893654673,303,1758,5.865980863571167,
"LinearSVR | winsorized | {'C': 0.1, 'epsilon': 0.05}",LinearSVR,FULL,winsorized,"{""C"": 0.1, ""epsilon"": 0.05}",101631.52470534368,86977.56635444396,42228.36369373788,44355.71722364637,41448.91161917252,validation_multiplier,0.8594594594594596,41448.91161917252,303,1758,6.033121585845947,
"KNN | raw | {'n_neighbors': 40, 'p': 1, 'weights': 'uniform'}",KNN,FULL,raw,"{""n_neighbors"": 40, ""p"": 1, ""weights"": ""uniform""}",102970.29383970602,85853.26149248605,46832.32001538584,41496.58893688897,43129.56637508758,train_smearing,2.0428161671426177,41496.58893688897,303,1758,1.61037278175354,
"LASSO_Selected_SVR_RBF | winsorized | {'lasso_alpha': 0.003, 'max_features': 60, 'n_selected': 60, 'C': 3.0, 'gamma': 'scale', 'epsilon': 0.1}",LASSO_Selected_SVR_RBF,LASSO_SELECTED_FULL,winsorized,"{""lasso_alpha"": 0.003, ""max_features"": 60, ""n_selected"": 60, ""C"": 3.0, ""gamma"": ""scale"", ""epsilon"": 0.1}",99556.11222433462,87459.82130806134,41641.276728541045,41679.87357107566,41577.97714796069,validation_multiplier,1.047747747747748,41577.97714796069,60,1758,3.5952980518341064,"coding.years.professional;coding.years.professional_sq;region__R17;ai.job.threat____Missing__;experience.years_missing;uses.ai;prog_languages__javascript;ai_search_tools__github_copilot;personal_os__windows_subsystem_for_linux_wsl;cloud_platforms__vmware;first.help.source____Missing__;region__R06;employment.type__Part-time;web_frameworks__node_js;employment.type__Student;how_learned_coding__school_i_e_university_college_etc;cloud_platforms__google_cloud;comm_tools__skype;dev_tools__yarn;databases__dynamodb;comm_tools__slack;personal_os__macos;dev_tools__docker;region__R02;project_mgmt_tools__notion;ai_tools_used__search_for_answers;age.group;dev_environments__xcode;prog_languages_count;dev_tools__visual_studio_solution;dev_environments__intellij_idea;dev_tools__kubernetes;dev_tools_count;prog_languages__java;databases__microsoft_sql_server;prog_languages__assembly;side_coding__i_dont_code_outside_of_work;ai_tools_used__generating_content_or_synthetic_data;personal_os__ios;project_mgmt_tools__jira;ai_tools_used__documenting_code;side_coding__school_or_academic_work;employment.type__Full-time;databases__mysql;industry__Transportation, or Supply Chain;ai_search_tools__google_gemini;dev.role__Developer, front-end;company.size;prog_languages__csharp;cloud_platforms_count;comm_tools__google_meet;ai_search_tools__chatgpt;databases__bigquery;dev_tools__maven_build_tool;side_coding__other_please_specify;dev_tools__terraform;work.location__Remote;personal_os__ipados;work_os__android;region__R13"
"LinearSVR | winsorized | {'C': 1.0, 'epsilon': 0.1}",LinearSVR,FULL,winsorized,"{""C"": 1.0, ""epsilon"": 0.1}",101642.7419028594,86829.25457610123,42844.30356144853,44274.35125588287,41599.09867328869,validation_multiplier,0.8247747747747748,41599.09867328869,303,1758,75.48474645614624,
"LinearSVR | raw | {'C': 1.0, 'epsilon': 0.1}",LinearSVR,FULL,raw,"{""C"": 1.0, ""epsilon"": 0.1}",101781.42930489613,86740.3601385514,42944.00564082071,47206.38450872968,41655.33405923402,validation_multiplier,0.8247747747747748,41655.33405923402,303,1758,72.61689591407776,
"LASSO_Selected_SVR_RBF | winsorized | {'lasso_alpha': 0.003, 'max_features': 40, 'n_selected': 40, 'C': 1.0, 'gamma': 'scale', 'epsilon': 0.1}",LASSO_Selected_SVR_RBF,LASSO_SELECTED_FULL,winsorized,"{""lasso_alpha"": 0.003, ""max_features"": 40, ""n_selected"": 40, ""C"": 1.0, ""gamma"": ""scale"", ""epsilon"": 0.1}",98151.75014212276,88097.82980573153,41732.37951247892,41758.14295741201,41723.352473317485,validation_multiplier,0.9833333333333334,41723.352473317485,40,1758,2.947510242462158,coding.years.professional;coding.years.professional_sq;region__R17;ai.job.threat____Missing__;experience.years_missing;uses.ai;prog_languages__javascript;ai_search_tools__github_copilot;personal_os__windows_subsystem_for_linux_wsl;cloud_platforms__vmware;first.help.source____Missing__;region__R06;employment.type__Part-time;web_frameworks__node_js;employment.type__Student;how_learned_coding__school_i_e_university_college_etc;cloud_platforms__google_cloud;comm_tools__skype;dev_tools__yarn;databases__dynamodb;comm_tools__slack;personal_os__macos;dev_tools__docker;region__R02;project_mgmt_tools__notion;ai_tools_used__search_for_answers;age.group;dev_environments__xcode;prog_languages_count;dev_tools__visual_studio_solution;dev_environments__intellij_idea;dev_tools__kubernetes;dev_tools_count;prog_languages__java;databases__microsoft_sql_server;prog_languages__assembly;side_coding__i_dont_code_outside_of_work;ai_tools_used__generating_content_or_synthetic_data;personal_os__ios;project_mgmt_tools__jira
"LASSO_Selected_SVR_Poly | winsorized | {'lasso_alpha': 0.003, 'max_features': 60, 'n_selected': 60, 'C': 1.0, 'degree': 2, 'gamma': 'scale', 'epsilon': 0.1, 'coef0': 1.0}",LASSO_Selected_SVR_Poly,LASSO_SELECTED_FULL,winsorized,"{""lasso_alpha"": 0.003, ""max_features"": 60, ""n_selected"": 60, ""C"": 1.0, ""degree"": 2, ""gamma"": ""scale"", ""epsilon"": 0.1, ""coef0"": 1.0}",102208.7834270188,86552.26140107363,42930.44276694739,43425.676391946625,42062.8293771895,validation_multiplier,0.8495495495495496,42062.8293771895,60,1758,3.0831713676452637,"coding.years.professional;coding.years.professional_sq;region__R17;ai.job.threat____Missing__;experience.years_missing;uses.ai;prog_languages__javascript;ai_search_tools__github_copilot;personal_os__windows_subsystem_for_linux_wsl;cloud_platforms__vmware;first.help.source____Missing__;region__R06;employment.type__Part-time;web_frameworks__node_js;employment.type__Student;how_learned_coding__school_i_e_university_college_etc;cloud_platforms__google_cloud;comm_tools__skype;dev_tools__yarn;databases__dynamodb;comm_tools__slack;personal_os__macos;dev_tools__docker;region__R02;project_mgmt_tools__notion;ai_tools_used__search_for_answers;age.group;dev_environments__xcode;prog_languages_count;dev_tools__visual_studio_solution;dev_environments__intellij_idea;dev_tools__kubernetes;dev_tools_count;prog_languages__java;databases__microsoft_sql_server;prog_languages__assembly;side_coding__i_dont_code_outside_of_work;ai_tools_used__generating_content_or_synthetic_data;personal_os__ios;project_mgmt_tools__jira;ai_tools_used__documenting_code;side_coding__school_or_academic_work;employment.type__Full-time;databases__mysql;industry__Transportation, or Supply Chain;ai_search_tools__google_gemini;dev.role__Developer, front-end;company.size;prog_languages__csharp;cloud_platforms_count;comm_tools__google_meet;ai_search_tools__chatgpt;databases__bigquery;dev_tools__maven_build_tool;side_coding__other_please_specify;dev_tools__terraform;work.location__Remote;personal_os__ipados;work_os__android;region__R13"
"LinearSVR | raw | {'C': 0.1, 'epsilon': 0.2}",LinearSVR,FULL,raw,"{""C"": 0.1, ""epsilon"": 0.2}",101880.7463020424,86759.85726035642,43178.42266811,49681.34406279714,42101.91582098202,validation_multiplier,0.8346846846846847,42101.91582098202,303,1758,6.170301675796509,
"LinearSVR | winsorized | {'C': 0.1, 'epsilon': 0.2}",LinearSVR,FULL,winsorized,"{""C"": 0.1, ""epsilon"": 0.2}",101782.63086060763,86820.33054784602,43219.25598224038,46170.42226703999,42149.62486449445,validation_multiplier,0.8346846846846847,42149.62486449445,303,1758,5.908245086669922,
"LASSO_Selected_SVR_Poly | raw | {'lasso_alpha': 0.001, 'max_features': 40, 'n_selected': 40, 'C': 1.0, 'degree': 2, 'gamma': 'scale', 'epsilon': 0.1, 'coef0': 1.0}",LASSO_Selected_SVR_Poly,LASSO_SELECTED_FULL,raw,"{""lasso_alpha"": 0.001, ""max_features"": 40, ""n_selected"": 40, ""C"": 1.0, ""degree"": 2, ""gamma"": ""scale"", ""epsilon"": 0.1, ""coef0"": 1.0}",99849.00907817988,86642.89665280745,42980.48389312691,45318.39621764277,42212.72436412101,validation_multiplier,0.8545045045045045,42212.72436412101,40,1758,2.7513153553009033,coding.years.professional;coding.years.professional_sq;region__R17;first.help.source____Missing__;uses.ai;ai.job.threat____Missing__;experience.years_missing;industry____Missing__;prog_languages__javascript;prog_languages_count;personal_os__windows_subsystem_for_linux_wsl;dev_tools_count;ai_search_tools__github_copilot;cloud_platforms__vmware;comm_tools__skype;web_frameworks__node_js;dev_tools__yarn;employment.type__Student;employment.type__Part-time;comm_tools__google_meet;dev_tools__docker;how_learned_coding__school_i_e_university_college_etc;web_frameworks_count;personal_os__macos;cloud_platforms__google_cloud;region__R02;project_mgmt_tools__notion;comm_tools_count;region__R06;databases__dynamodb;ai_tools_used__search_for_answers;age.group;prog_languages__assembly;dev_tools__maven_build_tool;prog_languages__java;project_mgmt_tools__jira;dev_environments__intellij_idea;experience.years_sq;dev_tools__visual_studio_solution;personal_os__ios
OLS | drop_lt500 | {},OLS,OLS_SAFE,drop_lt500,{},89938.22614010754,104237.90530777758,42581.99252644847,55343.1360574251,42528.36183877634,validation_multiplier,0.9585585585585586,42528.36183877634,108,1701,0.2438428401947021,
"LASSO_Selected_SVR_RBF | raw | {'lasso_alpha': 0.003, 'max_features': 60, 'n_selected': 60, 'C': 3.0, 'gamma': 'scale', 'epsilon': 0.1}",LASSO_Selected_SVR_RBF,LASSO_SELECTED_FULL,raw,"{""lasso_alpha"": 0.003, ""max_features"": 60, ""n_selected"": 60, ""C"": 3.0, ""gamma"": ""scale"", ""epsilon"": 0.1}",99608.54523690403,87341.96636636156,42719.97004001664,42701.505353427136,42700.854382012796,validation_multiplier,1.027927927927928,42700.854382012796,60,1758,3.5522048473358154,"coding.years.professional;coding.years.professional_sq;region__R17;ai.job.threat____Missing__;experience.years_missing;uses.ai;prog_languages__javascript;ai_search_tools__github_copilot;personal_os__windows_subsystem_for_linux_wsl;cloud_platforms__vmware;first.help.source____Missing__;region__R06;employment.type__Part-time;prog_languages_count;employment.type__Student;cloud_platforms__google_cloud;how_learned_coding__school_i_e_university_college_etc;web_frameworks__node_js;dev_tools__yarn;comm_tools__skype;personal_os__macos;databases__dynamodb;ai_tools_used__search_for_answers;comm_tools__slack;dev_tools__docker;age.group;prog_languages__assembly;personal_os__ios;dev_tools_count;project_mgmt_tools__notion;region__R02;dev_tools__visual_studio_solution;ai_tools_used__generating_content_or_synthetic_data;comm_tools__google_meet;dev_tools__kubernetes;dev_tools__maven_build_tool;dev_environments__xcode;employment.type__Full-time;dev_environments__intellij_idea;company.size;prog_languages__java;ai_tools_used__documenting_code;databases__microsoft_sql_server;side_coding__i_dont_code_outside_of_work;databases__mysql;databases__bigquery;project_mgmt_tools__jira;side_coding__other_please_specify;dev_tools__terraform;industry__Transportation, or Supply Chain;work.location__Remote;prog_languages__csharp;dev.role__Developer, front-end;ai_search_tools__chatgpt;side_coding__school_or_academic_work;ai_search_tools__google_gemini;cloud_platforms_count;dev_environments__nano;web.frameworks_missing;first.help.source__Other"
"SVR_Poly | winsorized | {'C': 1.0, 'coef0': 1.0, 'degree': 2, 'epsilon': 0.1, 'gamma': 'scale'}",SVR_Poly,FULL,winsorized,"{""C"": 1.0, ""coef0"": 1.0, ""degree"": 2, ""epsilon"": 0.1, ""gamma"": ""scale""}",100526.14697994982,87196.31591131662,43316.66769681916,42990.674346095686,42714.19559131013,validation_multiplier,0.8693693693693694,42714.19559131013,303,1758,5.489710330963135,
"LASSO_Selected_SVR_Poly | raw | {'lasso_alpha': 0.003, 'max_features': 60, 'n_selected': 60, 'C': 1.0, 'degree': 2, 'gamma': 'scale', 'epsilon': 0.1, 'coef0': 1.0}",LASSO_Selected_SVR_Poly,LASSO_SELECTED_FULL,raw,"{""lasso_alpha"": 0.003, ""max_features"": 60, ""n_selected"": 60, ""C"": 1.0, ""degree"": 2, ""gamma"": ""scale"", ""epsilon"": 0.1, ""coef0"": 1.0}",101060.7622413151,87307.16057908953,43330.04215582818,44923.92840482786,42749.73939851904,validation_multiplier,0.8693693693693694,42749.73939851904,60,1758,3.118255376815796,"coding.years.professional;coding.years.professional_sq;region__R17;ai.job.threat____Missing__;experience.years_missing;uses.ai;prog_languages__javascript;ai_search_tools__github_copilot;personal_os__windows_subsystem_for_linux_wsl;cloud_platforms__vmware;first.help.source____Missing__;region__R06;employment.type__Part-time;prog_languages_count;employment.type__Student;cloud_platforms__google_cloud;how_learned_coding__school_i_e_university_college_etc;web_frameworks__node_js;dev_tools__yarn;comm_tools__skype;personal_os__macos;databases__dynamodb;ai_tools_used__search_for_answers;comm_tools__slack;dev_tools__docker;age.group;prog_languages__assembly;personal_os__ios;dev_tools_count;project_mgmt_tools__notion;region__R02;dev_tools__visual_studio_solution;ai_tools_used__generating_content_or_synthetic_data;comm_tools__google_meet;dev_tools__kubernetes;dev_tools__maven_build_tool;dev_environments__xcode;employment.type__Full-time;dev_environments__intellij_idea;company.size;prog_languages__java;ai_tools_used__documenting_code;databases__microsoft_sql_server;side_coding__i_dont_code_outside_of_work;databases__mysql;databases__bigquery;project_mgmt_tools__jira;side_coding__other_please_specify;dev_tools__terraform;industry__Transportation, or Supply Chain;work.location__Remote;prog_languages__csharp;dev.role__Developer, front-end;ai_search_tools__chatgpt;side_coding__school_or_academic_work;ai_search_tools__google_gemini;cloud_platforms_count;dev_environments__nano;web.frameworks_missing;first.help.source__Other"
"KNN | raw | {'n_neighbors': 40, 'p': 1, 'weights': 'distance'}",KNN,FULL,raw,"{""n_neighbors"": 40, ""p"": 1, ""weights"": ""distance""}",102936.42441454787,85857.15270323439,46775.836982108456,46775.836982108456,43064.76869556215,validation_multiplier,1.35,43064.76869556215,303,1758,1.551982879638672,
"SVR_Poly | raw | {'C': 1.0, 'coef0': 1.0, 'degree': 2, 'epsilon': 0.1, 'gamma': 'scale'}",SVR_Poly,FULL,raw,"{""C"": 1.0, ""coef0"": 1.0, ""degree"": 2, ""epsilon"": 0.1, ""gamma"": ""scale""}",100529.0082572094,87179.7311976074,43891.88785986663,44373.69358315358,43072.83864174943,validation_multiplier,0.8495495495495496,43072.83864174943,303,1758,5.479029178619385,
"KNN | winsorized | {'n_neighbors': 40, 'p': 1, 'weights': 'distance'}",KNN,FULL,winsorized,"{""n_neighbors"": 40, ""p"": 1, ""weights"": ""distance""}",103024.56661101988,85810.1289775355,46980.35510085882,46980.35510085882,43208.65837866231,validation_multiplier,1.35,43208.65837866231,303,1758,1.5978269577026367,
"LASSO_Selected_SVR_Poly | raw | {'lasso_alpha': 0.003, 'max_features': 40, 'n_selected': 40, 'C': 1.0, 'degree': 2, 'gamma': 'scale', 'epsilon': 0.1, 'coef0': 1.0}",LASSO_Selected_SVR_Poly,LASSO_SELECTED_FULL,raw,"{""lasso_alpha"": 0.003, ""max_features"": 40, ""n_selected"": 40, ""C"": 1.0, ""degree"": 2, ""gamma"": ""scale"", ""epsilon"": 0.1, ""coef0"": 1.0}",99525.12270513238,87763.4596548303,43678.935173139726,45923.25340841807,43251.431681559436,validation_multiplier,0.8842342342342343,43251.431681559436,40,1758,3.021387815475464,coding.years.professional;coding.years.professional_sq;region__R17;ai.job.threat____Missing__;experience.years_missing;uses.ai;prog_languages__javascript;ai_search_tools__github_copilot;personal_os__windows_subsystem_for_linux_wsl;cloud_platforms__vmware;first.help.source____Missing__;region__R06;employment.type__Part-time;prog_languages_count;employment.type__Student;cloud_platforms__google_cloud;how_learned_coding__school_i_e_university_college_etc;web_frameworks__node_js;dev_tools__yarn;comm_tools__skype;personal_os__macos;databases__dynamodb;ai_tools_used__search_for_answers;comm_tools__slack;dev_tools__docker;age.group;prog_languages__assembly;personal_os__ios;dev_tools_count;project_mgmt_tools__notion;region__R02;dev_tools__visual_studio_solution;ai_tools_used__generating_content_or_synthetic_data;comm_tools__google_meet;dev_tools__kubernetes;dev_tools__maven_build_tool;dev_environments__xcode;employment.type__Full-time;dev_environments__intellij_idea;company.size
"LASSO_Selected_SVR_Poly | winsorized | {'lasso_alpha': 0.001, 'max_features': 40, 'n_selected': 40, 'C': 1.0, 'degree': 2, 'gamma': 'scale', 'epsilon': 0.1, 'coef0': 1.0}",LASSO_Selected_SVR_Poly,LASSO_SELECTED_FULL,winsorized,"{""lasso_alpha"": 0.001, ""max_features"": 40, ""n_selected"": 40, ""C"": 1.0, ""degree"": 2, ""gamma"": ""scale"", ""epsilon"": 0.1, ""coef0"": 1.0}",101341.62759923507,86788.67006385892,44323.16590006425,45540.21588790993,43295.488033673755,validation_multiplier,0.8346846846846847,43295.488033673755,40,1758,2.881085157394409,coding.years.professional;coding.years.professional_sq;region__R17;first.help.source____Missing__;experience.years_missing;ai.job.threat____Missing__;uses.ai;industry____Missing__;prog_languages__javascript;prog_languages_count;ai_search_tools__github_copilot;personal_os__windows_subsystem_for_linux_wsl;cloud_platforms__vmware;dev_tools_count;comm_tools__skype;web_frameworks__node_js;employment.type__Part-time;employment.type__Student;dev_tools__yarn;dev_tools__docker;region__R02;how_learned_coding__school_i_e_university_college_etc;project_mgmt_tools__notion;personal_os__macos;comm_tools__google_meet;cloud_platforms__google_cloud;web_frameworks_count;comm_tools_count;databases__dynamodb;region__R06;dev_environments__intellij_idea;age.group;prog_languages__java;project_mgmt_tools__jira;ai.complex.rating_missing;region__R13;ai_tools_used__search_for_answers;dev_environments_count;dev_environments__xcode;dev_tools__visual_studio_solution
"LASSO_Selected_SVR_RBF | raw | {'lasso_alpha': 0.003, 'max_features': 40, 'n_selected': 40, 'C': 3.0, 'gamma': 'scale', 'epsilon': 0.1}",LASSO_Selected_SVR_RBF,LASSO_SELECTED_FULL,raw,"{""lasso_alpha"": 0.003, ""max_features"": 40, ""n_selected"": 40, ""C"": 3.0, ""gamma"": ""scale"", ""epsilon"": 0.1}",99441.90973321327,87511.50842402612,43450.61952411242,43735.059300319466,43392.90475739492,validation_multiplier,0.9536036036036036,43392.90475739492,40,1758,3.2705624103546143,coding.years.professional;coding.years.professional_sq;region__R17;ai.job.threat____Missing__;experience.years_missing;uses.ai;prog_languages__javascript;ai_search_tools__github_copilot;personal_os__windows_subsystem_for_linux_wsl;cloud_platforms__vmware;first.help.source____Missing__;region__R06;employment.type__Part-time;prog_languages_count;employment.type__Student;cloud_platforms__google_cloud;how_learned_coding__school_i_e_university_college_etc;web_frameworks__node_js;dev_tools__yarn;comm_tools__skype;personal_os__macos;databases__dynamodb;ai_tools_used__search_for_answers;comm_tools__slack;dev_tools__docker;age.group;prog_languages__assembly;personal_os__ios;dev_tools_count;project_mgmt_tools__notion;region__R02;dev_tools__visual_studio_solution;ai_tools_used__generating_content_or_synthetic_data;comm_tools__google_meet;dev_tools__kubernetes;dev_tools__maven_build_tool;dev_environments__xcode;employment.type__Full-time;dev_environments__intellij_idea;company.size
"LASSO_Selected_SVR_Poly | winsorized | {'lasso_alpha': 0.003, 'max_features': 40, 'n_selected': 40, 'C': 1.0, 'degree': 2, 'gamma': 'scale', 'epsilon': 0.1, 'coef0': 1.0}",LASSO_Selected_SVR_Poly,LASSO_SELECTED_FULL,winsorized,"{""lasso_alpha"": 0.003, ""max_features"": 40, ""n_selected"": 40, ""C"": 1.0, ""degree"": 2, ""gamma"": ""scale"", ""epsilon"": 0.1, ""coef0"": 1.0}",101943.18199203277,86272.31393788854,44505.759708036385,45784.85285289935,43486.30503887033,validation_multiplier,0.8346846846846847,43486.30503887033,40,1758,2.814589500427246,coding.years.professional;coding.years.professional_sq;region__R17;ai.job.threat____Missing__;experience.years_missing;uses.ai;prog_languages__javascript;ai_search_tools__github_copilot;personal_os__windows_subsystem_for_linux_wsl;cloud_platforms__vmware;first.help.source____Missing__;region__R06;employment.type__Part-time;web_frameworks__node_js;employment.type__Student;how_learned_coding__school_i_e_university_college_etc;cloud_platforms__google_cloud;comm_tools__skype;dev_tools__yarn;databases__dynamodb;comm_tools__slack;personal_os__macos;dev_tools__docker;region__R02;project_mgmt_tools__notion;ai_tools_used__search_for_answers;age.group;dev_environments__xcode;prog_languages_count;dev_tools__visual_studio_solution;dev_environments__intellij_idea;dev_tools__kubernetes;dev_tools_count;prog_languages__java;databases__microsoft_sql_server;prog_languages__assembly;side_coding__i_dont_code_outside_of_work;ai_tools_used__generating_content_or_synthetic_data;personal_os__ios;project_mgmt_tools__jira
Region-median baseline,baseline,none,raw_salary,{},,,43819.49957907715,,,none,1.0,43819.49957907715,0,1758,0.0,
"LASSO_Selected_SVR_RBF | raw | {'lasso_alpha': 0.001, 'max_features': 40, 'n_selected': 40, 'C': 3.0, 'gamma': 'scale', 'epsilon': 0.1}",LASSO_Selected_SVR_RBF,LASSO_SELECTED_FULL,raw,"{""lasso_alpha"": 0.001, ""max_features"": 40, ""n_selected"": 40, ""C"": 3.0, ""gamma"": ""scale"", ""epsilon"": 0.1}",99260.31478101926,87594.95352739026,44053.807911546646,44533.120503846454,43873.94438220125,validation_multiplier,0.9238738738738739,43873.94438220125,40,1758,3.315432071685791,coding.years.professional;coding.years.professional_sq;region__R17;first.help.source____Missing__;uses.ai;ai.job.threat____Missing__;experience.years_missing;industry____Missing__;prog_languages__javascript;prog_languages_count;personal_os__windows_subsystem_for_linux_wsl;dev_tools_count;ai_search_tools__github_copilot;cloud_platforms__vmware;comm_tools__skype;web_frameworks__node_js;dev_tools__yarn;employment.type__Student;employment.type__Part-time;comm_tools__google_meet;dev_tools__docker;how_learned_coding__school_i_e_university_college_etc;web_frameworks_count;personal_os__macos;cloud_platforms__google_cloud;region__R02;project_mgmt_tools__notion;comm_tools_count;region__R06;databases__dynamodb;ai_tools_used__search_for_answers;age.group;prog_languages__assembly;dev_tools__maven_build_tool;prog_languages__java;project_mgmt_tools__jira;dev_environments__intellij_idea;experience.years_sq;dev_tools__visual_studio_solution;personal_os__ios
"LASSO_Selected_SVR_RBF | winsorized | {'lasso_alpha': 0.003, 'max_features': 40, 'n_selected': 40, 'C': 3.0, 'gamma': 'scale', 'epsilon': 0.1}",LASSO_Selected_SVR_RBF,LASSO_SELECTED_FULL,winsorized,"{""lasso_alpha"": 0.003, ""max_features"": 40, ""n_selected"": 40, ""C"": 3.0, ""gamma"": ""scale"", ""epsilon"": 0.1}",100008.96674459656,87327.23649667024,44139.631567323275,44187.744262054126,43931.162308483865,validation_multiplier,0.9139639639639641,43931.162308483865,40,1758,3.3141062259674072,coding.years.professional;coding.years.professional_sq;region__R17;ai.job.threat____Missing__;experience.years_missing;uses.ai;prog_languages__javascript;ai_search_tools__github_copilot;personal_os__windows_subsystem_for_linux_wsl;cloud_platforms__vmware;first.help.source____Missing__;region__R06;employment.type__Part-time;web_frameworks__node_js;employment.type__Student;how_learned_coding__school_i_e_university_college_etc;cloud_platforms__google_cloud;comm_tools__skype;dev_tools__yarn;databases__dynamodb;comm_tools__slack;personal_os__macos;dev_tools__docker;region__R02;project_mgmt_tools__notion;ai_tools_used__search_for_answers;age.group;dev_environments__xcode;prog_languages_count;dev_tools__visual_studio_solution;dev_environments__intellij_idea;dev_tools__kubernetes;dev_tools_count;prog_languages__java;databases__microsoft_sql_server;prog_languages__assembly;side_coding__i_dont_code_outside_of_work;ai_tools_used__generating_content_or_synthetic_data;personal_os__ios;project_mgmt_tools__jira
"KNN | raw | {'n_neighbors': 40, 'p': 2, 'weights': 'distance'}",KNN,FULL,raw,"{""n_neighbors"": 40, ""p"": 2, ""weights"": ""distance""}",103731.64890629408,85735.25922884807,47740.58549065852,47740.58530926001,43932.572453459616,validation_multiplier,1.35,43932.572453459616,303,1758,0.7680368423461914,
"LASSO_Selected_SVR_RBF | winsorized | {'lasso_alpha': 0.001, 'max_features': 40, 'n_selected': 40, 'C': 3.0, 'gamma': 'scale', 'epsilon': 0.1}",LASSO_Selected_SVR_RBF,LASSO_SELECTED_FULL,winsorized,"{""lasso_alpha"": 0.001, ""max_features"": 40, ""n_selected"": 40, ""C"": 3.0, ""gamma"": ""scale"", ""epsilon"": 0.1}",99662.77726680355,87502.65643443211,44151.40176501966,44212.000003795394,43975.79620962208,validation_multiplier,0.9238738738738739,43975.79620962208,40,1758,3.2656195163726807,coding.years.professional;coding.years.professional_sq;region__R17;first.help.source____Missing__;experience.years_missing;ai.job.threat____Missing__;uses.ai;industry____Missing__;prog_languages__javascript;prog_languages_count;ai_search_tools__github_copilot;personal_os__windows_subsystem_for_linux_wsl;cloud_platforms__vmware;dev_tools_count;comm_tools__skype;web_frameworks__node_js;employment.type__Part-time;employment.type__Student;dev_tools__yarn;dev_tools__docker;region__R02;how_learned_coding__school_i_e_university_college_etc;project_mgmt_tools__notion;personal_os__macos;comm_tools__google_meet;cloud_platforms__google_cloud;web_frameworks_count;comm_tools_count;databases__dynamodb;region__R06;dev_environments__intellij_idea;age.group;prog_languages__java;project_mgmt_tools__jira;ai.complex.rating_missing;region__R13;ai_tools_used__search_for_answers;dev_environments_count;dev_environments__xcode;dev_tools__visual_studio_solution
"KNN | winsorized | {'n_neighbors': 10, 'p': 1, 'weights': 'distance'}",KNN,FULL,winsorized,"{""n_neighbors"": 10, ""p"": 1, ""weights"": ""distance""}",102160.92564369772,86005.02431886086,46379.382940985066,46379.382940985066,43995.45367275577,validation_multiplier,1.35,43995.45367275577,303,1758,1.6100842952728271,
"KNN | winsorized | {'n_neighbors': 10, 'p': 1, 'weights': 'uniform'}",KNN,FULL,winsorized,"{""n_neighbors"": 10, ""p"": 1, ""weights"": ""uniform""}",102176.11728396176,85998.16225009385,46418.46100326537,45286.75689337817,44050.62243260379,validation_multiplier,1.35,44050.62243260379,303,1758,1.512861728668213,
"KNN | winsorized | {'n_neighbors': 40, 'p': 2, 'weights': 'distance'}",KNN,FULL,winsorized,"{""n_neighbors"": 40, ""p"": 2, ""weights"": ""distance""}",103831.04511252767,85687.2659689764,47934.3171709079,47934.316973569934,44095.16574728468,validation_multiplier,1.35,44095.16574728468,303,1758,0.832923173904419,
"LASSO_Selected_SVR_Poly | raw | {'lasso_alpha': 0.001, 'max_features': 60, 'n_selected': 60, 'C': 1.0, 'degree': 2, 'gamma': 'scale', 'epsilon': 0.1, 'coef0': 1.0}",LASSO_Selected_SVR_Poly,LASSO_SELECTED_FULL,raw,"{""lasso_alpha"": 0.001, ""max_features"": 60, ""n_selected"": 60, ""C"": 1.0, ""degree"": 2, ""gamma"": ""scale"", ""epsilon"": 0.1, ""coef0"": 1.0}",103191.91823366078,86271.0860891688,45659.24109620396,48503.61924327692,44152.2445546427,validation_multiplier,0.8,44152.2445546427,60,1758,3.251254081726074,"coding.years.professional;coding.years.professional_sq;region__R17;first.help.source____Missing__;uses.ai;ai.job.threat____Missing__;experience.years_missing;industry____Missing__;prog_languages__javascript;prog_languages_count;personal_os__windows_subsystem_for_linux_wsl;dev_tools_count;ai_search_tools__github_copilot;cloud_platforms__vmware;comm_tools__skype;web_frameworks__node_js;dev_tools__yarn;employment.type__Student;employment.type__Part-time;comm_tools__google_meet;dev_tools__docker;how_learned_coding__school_i_e_university_college_etc;web_frameworks_count;personal_os__macos;cloud_platforms__google_cloud;region__R02;project_mgmt_tools__notion;comm_tools_count;region__R06;databases__dynamodb;ai_tools_used__search_for_answers;age.group;prog_languages__assembly;dev_tools__maven_build_tool;prog_languages__java;project_mgmt_tools__jira;dev_environments__intellij_idea;experience.years_sq;dev_tools__visual_studio_solution;personal_os__ios;ai_tools_used__generating_content_or_synthetic_data;employment.type__Full-time;cloud_platforms_count;dev_environments_count;region__R13;dev_environments__xcode;company.size;ai.complex.rating_missing;side_coding__i_dont_code_outside_of_work;dev_tools__terraform;daily.search.time_missing;ai_tools_used__documenting_code;databases__microsoft_sql_server;databases__bigquery;dev_tools__kubernetes;databases__mysql;region__R11;ai_search_tools__chatgpt;industry__Transportation, or Supply Chain;project_mgmt_tools_count"
"LASSO_Selected_SVR_RBF | winsorized | {'lasso_alpha': 0.001, 'max_features': 60, 'n_selected': 60, 'C': 3.0, 'gamma': 'scale', 'epsilon': 0.1}",LASSO_Selected_SVR_RBF,LASSO_SELECTED_FULL,winsorized,"{""lasso_alpha"": 0.001, ""max_features"": 60, ""n_selected"": 60, ""C"": 3.0, ""gamma"": ""scale"", ""epsilon"": 0.1}",99539.17924429405,86711.86251990455,44259.50129531305,44243.45403635227,44187.52604443568,validation_multiplier,0.9486486486486487,44187.52604443568,60,1758,3.5804786682128906,"coding.years.professional;coding.years.professional_sq;region__R17;first.help.source____Missing__;experience.years_missing;ai.job.threat____Missing__;uses.ai;industry____Missing__;prog_languages__javascript;prog_languages_count;ai_search_tools__github_copilot;personal_os__windows_subsystem_for_linux_wsl;cloud_platforms__vmware;dev_tools_count;comm_tools__skype;web_frameworks__node_js;employment.type__Part-time;employment.type__Student;dev_tools__yarn;dev_tools__docker;region__R02;how_learned_coding__school_i_e_university_college_etc;project_mgmt_tools__notion;personal_os__macos;comm_tools__google_meet;cloud_platforms__google_cloud;web_frameworks_count;comm_tools_count;databases__dynamodb;region__R06;dev_environments__intellij_idea;age.group;prog_languages__java;project_mgmt_tools__jira;ai.complex.rating_missing;region__R13;ai_tools_used__search_for_answers;dev_environments_count;dev_environments__xcode;dev_tools__visual_studio_solution;region__R11;job.satisfaction_missing;prog_languages__assembly;project_mgmt_tools_count;dev_tools__maven_build_tool;ai_tools_used__generating_content_or_synthetic_data;side_coding__i_dont_code_outside_of_work;dev_tools__kubernetes;employment.type__Full-time;databases__microsoft_sql_server;cloud_platforms_count;ai_tools_used__documenting_code;personal_os__ios;ai_search_tools__chatgpt;company.size;experience.years_sq;dev.role__Developer, front-end;databases__mysql;industry__Transportation, or Supply Chain;dev_tools__terraform"
LASSO | winsorized | {'alpha': 0.01},LASSO,FULL,winsorized,"{""alpha"": 0.01}",103248.37490206074,86635.90300793914,45036.06753428091,61963.99789175276,44426.84048276893,validation_multiplier,0.8644144144144145,44426.84048276893,303,1758,0.5329687595367432,
"LASSO_Selected_SVR_RBF | raw | {'lasso_alpha': 0.001, 'max_features': 60, 'n_selected': 60, 'C': 3.0, 'gamma': 'scale', 'epsilon': 0.1}",LASSO_Selected_SVR_RBF,LASSO_SELECTED_FULL,raw,"{""lasso_alpha"": 0.001, ""max_features"": 60, ""n_selected"": 60, ""C"": 3.0, ""gamma"": ""scale"", ""epsilon"": 0.1}",99527.2676324099,86974.0633320653,44572.384737364344,44789.427353344196,44459.64635101355,validation_multiplier,0.9337837837837839,44459.64635101355,60,1758,3.5682475566864014,"coding.years.professional;coding.years.professional_sq;region__R17;first.help.source____Missing__;uses.ai;ai.job.threat____Missing__;experience.years_missing;industry____Missing__;prog_languages__javascript;prog_languages_count;personal_os__windows_subsystem_for_linux_wsl;dev_tools_count;ai_search_tools__github_copilot;cloud_platforms__vmware;comm_tools__skype;web_frameworks__node_js;dev_tools__yarn;employment.type__Student;employment.type__Part-time;comm_tools__google_meet;dev_tools__docker;how_learned_coding__school_i_e_university_college_etc;web_frameworks_count;personal_os__macos;cloud_platforms__google_cloud;region__R02;project_mgmt_tools__notion;comm_tools_count;region__R06;databases__dynamodb;ai_tools_used__search_for_answers;age.group;prog_languages__assembly;dev_tools__maven_build_tool;prog_languages__java;project_mgmt_tools__jira;dev_environments__intellij_idea;experience.years_sq;dev_tools__visual_studio_solution;personal_os__ios;ai_tools_used__generating_content_or_synthetic_data;employment.type__Full-time;cloud_platforms_count;dev_environments_count;region__R13;dev_environments__xcode;company.size;ai.complex.rating_missing;side_coding__i_dont_code_outside_of_work;dev_tools__terraform;daily.search.time_missing;ai_tools_used__documenting_code;databases__microsoft_sql_server;databases__bigquery;dev_tools__kubernetes;databases__mysql;region__R11;ai_search_tools__chatgpt;industry__Transportation, or Supply Chain;project_mgmt_tools_count"
"KNN | winsorized | {'n_neighbors': 10, 'p': 2, 'weights': 'distance'}",KNN,FULL,winsorized,"{""n_neighbors"": 10, ""p"": 2, ""weights"": ""distance""}",103499.76172347642,85922.50150290462,47307.97211837821,47307.97208637241,44491.175929780366,validation_multiplier,1.35,44491.175929780366,303,1758,0.7758967876434326,
"KNN | winsorized | {'n_neighbors': 10, 'p': 2, 'weights': 'uniform'}",KNN,FULL,winsorized,"{""n_neighbors"": 10, ""p"": 2, ""weights"": ""uniform""}",103519.48602343704,85945.07298836911,47319.61560182949,45086.82999052252,44500.44918627594,validation_multiplier,1.35,44500.44918627594,303,1758,0.7146282196044922,
"KNN | raw | {'n_neighbors': 10, 'p': 2, 'weights': 'uniform'}",KNN,FULL,raw,"{""n_neighbors"": 10, ""p"": 2, ""weights"": ""uniform""}",103532.8127484386,85938.16111145275,47117.66052958723,47294.37831195761,44618.34973788892,validation_multiplier,1.35,44618.34973788892,303,1758,0.7904520034790039,
"KNN | raw | {'n_neighbors': 10, 'p': 2, 'weights': 'distance'}",KNN,FULL,raw,"{""n_neighbors"": 10, ""p"": 2, ""weights"": ""distance""}",103510.66378021512,85916.62304347404,47112.81327382611,47112.8132489457,44626.33893033789,validation_multiplier,1.35,44626.33893033789,303,1758,0.6991431713104248,
"KNN | raw | {'n_neighbors': 10, 'p': 1, 'weights': 'distance'}",KNN,FULL,raw,"{""n_neighbors"": 10, ""p"": 1, ""weights"": ""distance""}",102166.4692105787,85997.81274139839,46462.836839127085,46462.836839127085,44628.8089096545,validation_multiplier,1.35,44628.8089096545,303,1758,2.0472521781921387,
"KNN | raw | {'n_neighbors': 10, 'p': 1, 'weights': 'uniform'}",KNN,FULL,raw,"{""n_neighbors"": 10, ""p"": 1, ""weights"": ""uniform""}",102177.19493367542,85994.36802588645,46494.43684369658,48011.58572385814,44638.681206058434,validation_multiplier,1.35,44638.681206058434,303,1758,1.9992682933807373,
LASSO | raw | {'alpha': 0.01},LASSO,FULL,raw,"{""alpha"": 0.01}",103812.10867268864,86554.09277935587,45502.12395757027,70246.82822775572,44656.64797965479,validation_multiplier,0.8396396396396397,44656.64797965479,303,1758,0.5676445960998535,
Median salary baseline,baseline,none,raw_salary,{},,,44675.86478202614,,,none,1.0,44675.86478202614,0,1758,0.0,
Mean salary baseline,baseline,none,raw_salary,{},,,44735.50527077368,,,none,1.0,44735.50527077368,0,1758,0.0,
"ElasticNet | winsorized | {'alpha': 0.01, 'l1_ratio': 0.8}",ElasticNet,FULL,winsorized,"{""alpha"": 0.01, ""l1_ratio"": 0.8}",104146.37158407316,86302.4643717632,45939.88636157945,64569.73585125987,44954.71105079636,validation_multiplier,0.8297297297297298,44954.71105079636,303,1758,0.5481312274932861,
Ridge | winsorized | {'alpha': 300.0},Ridge,FULL,winsorized,"{""alpha"": 300.0}",103598.85292447403,86443.17628821143,45937.23572067013,63613.2114276634,45127.84351854248,validation_multiplier,0.8396396396396397,45127.84351854248,303,1758,0.3512897491455078,
"ElasticNet | raw | {'alpha': 0.01, 'l1_ratio': 0.8}",ElasticNet,FULL,raw,"{""alpha"": 0.01, ""l1_ratio"": 0.8}",104906.0063211806,86164.4428196072,46649.75091587472,73622.69914660919,45285.25988010607,validation_multiplier,0.8,45285.25988010607,303,1758,0.5331170558929443,
"LASSO_Selected_SVR_Poly | winsorized | {'lasso_alpha': 0.001, 'max_features': 60, 'n_selected': 60, 'C': 1.0, 'degree': 2, 'gamma': 'scale', 'epsilon': 0.1, 'coef0': 1.0}",LASSO_Selected_SVR_Poly,LASSO_SELECTED_FULL,winsorized,"{""lasso_alpha"": 0.001, ""max_features"": 60, ""n_selected"": 60, ""C"": 1.0, ""degree"": 2, ""gamma"": ""scale"", ""epsilon"": 0.1, ""coef0"": 1.0}",102032.75234293778,86250.35593529482,47653.907311037685,48948.61798798831,45323.55783384061,validation_multiplier,0.8,45323.55783384061,60,1758,3.1307506561279297,"coding.years.professional;coding.years.professional_sq;region__R17;first.help.source____Missing__;experience.years_missing;ai.job.threat____Missing__;uses.ai;industry____Missing__;prog_languages__javascript;prog_languages_count;ai_search_tools__github_copilot;personal_os__windows_subsystem_for_linux_wsl;cloud_platforms__vmware;dev_tools_count;comm_tools__skype;web_frameworks__node_js;employment.type__Part-time;employment.type__Student;dev_tools__yarn;dev_tools__docker;region__R02;how_learned_coding__school_i_e_university_college_etc;project_mgmt_tools__notion;personal_os__macos;comm_tools__google_meet;cloud_platforms__google_cloud;web_frameworks_count;comm_tools_count;databases__dynamodb;region__R06;dev_environments__intellij_idea;age.group;prog_languages__java;project_mgmt_tools__jira;ai.complex.rating_missing;region__R13;ai_tools_used__search_for_answers;dev_environments_count;dev_environments__xcode;dev_tools__visual_studio_solution;region__R11;job.satisfaction_missing;prog_languages__assembly;project_mgmt_tools_count;dev_tools__maven_build_tool;ai_tools_used__generating_content_or_synthetic_data;side_coding__i_dont_code_outside_of_work;dev_tools__kubernetes;employment.type__Full-time;databases__microsoft_sql_server;cloud_platforms_count;ai_tools_used__documenting_code;personal_os__ios;ai_search_tools__chatgpt;company.size;experience.years_sq;dev.role__Developer, front-end;databases__mysql;industry__Transportation, or Supply Chain;dev_tools__terraform"
"SVR_Poly | winsorized | {'C': 1.0, 'coef0': 1.0, 'degree': 3, 'epsilon': 0.1, 'gamma': 'scale'}",SVR_Poly,FULL,winsorized,"{""C"": 1.0, ""coef0"": 1.0, ""degree"": 3, ""epsilon"": 0.1, ""gamma"": ""scale""}",103542.98575934966,85757.70598196978,46409.270799765865,46377.97215662898,45425.349275042834,validation_multiplier,0.8247747747747748,45425.349275042834,303,1758,5.626923322677612,
OLS | floor500 | {},OLS,OLS_SAFE,floor500,{},102522.4628491326,86870.90821262573,46650.71872219973,72584.86457612376,45573.57719218449,validation_multiplier,0.8198198198198199,45573.57719218449,108,1758,0.269059419631958,
Ridge | raw | {'alpha': 300.0},Ridge,FULL,raw,"{""alpha"": 300.0}",104177.73466199804,86318.30601140019,46921.47587627232,72845.75030727145,45636.199115598894,validation_multiplier,0.804954954954955,45636.199115598894,303,1758,0.3137814998626709,
"SVR_Poly | raw | {'C': 1.0, 'coef0': 1.0, 'degree': 3, 'epsilon': 0.1, 'gamma': 'scale'}",SVR_Poly,FULL,raw,"{""C"": 1.0, ""coef0"": 1.0, ""degree"": 3, ""epsilon"": 0.1, ""gamma"": ""scale""}",103626.0137669374,85731.9207981263,47097.33479687896,47599.0742528834,45820.95856417104,validation_multiplier,0.804954954954955,45820.95856417104,303,1758,5.790335178375244,
"ElasticNet | winsorized | {'alpha': 0.01, 'l1_ratio': 0.5}",ElasticNet,FULL,winsorized,"{""alpha"": 0.01, ""l1_ratio"": 0.5}",106128.4095067224,85627.29865556057,47695.85800475371,69145.07696550389,45918.275753826936,validation_multiplier,0.8,45918.275753826936,303,1758,0.6302762031555176,
"ElasticNet | raw | {'alpha': 0.01, 'l1_ratio': 0.5}",ElasticNet,FULL,raw,"{""alpha"": 0.01, ""l1_ratio"": 0.5}",107293.53239073112,85374.68287960038,48643.664404132665,78816.26972332201,46378.82243806368,validation_multiplier,0.8,46378.82243806368,303,1758,0.7196364402770996,
Ridge | winsorized | {'alpha': 100.0},Ridge,FULL,winsorized,"{""alpha"": 100.0}",107514.00168364364,85156.63500906214,49696.801522759095,74049.62328980601,47104.37894195554,validation_multiplier,0.8,47104.37894195554,303,1758,0.3150906562805176,
OLS | winsorized | {},OLS,OLS_SAFE,winsorized,{},102955.86160767615,86847.54699505834,49275.16872915234,76345.03651643623,47109.30734288104,validation_multiplier,0.8,47109.30734288104,108,1758,0.6869974136352539,
LASSO | winsorized | {'alpha': 0.003},LASSO,FULL,winsorized,"{""alpha"": 0.003}",108936.33100194934,84745.01042873572,49831.16372009005,74427.70909200562,47120.30360360836,validation_multiplier,0.8,47120.30360360836,303,1758,1.0406217575073242,
"ElasticNet | winsorized | {'alpha': 0.01, 'l1_ratio': 0.2}",ElasticNet,FULL,winsorized,"{""alpha"": 0.01, ""l1_ratio"": 0.2}",109645.05305443388,84507.2574054685,50407.98641482915,75756.73665174372,47466.040575620136,validation_multiplier,0.8,47466.040575620136,303,1758,1.260202169418335,
"ElasticNet | winsorized | {'alpha': 0.003, 'l1_ratio': 0.8}",ElasticNet,FULL,winsorized,"{""alpha"": 0.003, ""l1_ratio"": 0.8}",109782.18752277772,84503.05417615468,50569.15267336248,76154.65078475435,47555.96624467658,validation_multiplier,0.8,47555.96624467658,303,1758,1.1098811626434326,
OLS | raw | {},OLS,OLS_SAFE,raw,{},103348.78815861572,86722.56877105773,50202.64926518558,83913.61752573818,47587.83179122493,validation_multiplier,0.8,47587.83179122493,108,1758,0.4927639961242676,
LASSO | raw | {'alpha': 0.003},LASSO,FULL,raw,"{""alpha"": 0.003}",110452.70136234313,84450.0241538092,51309.51846453856,85402.27566689649,47927.092498933365,validation_multiplier,0.8,47927.092498933365,303,1758,1.1111674308776855,
Ridge | raw | {'alpha': 100.0},Ridge,FULL,raw,"{""alpha"": 100.0}",108710.06769736751,84909.7028399669,51393.696076234985,85535.54648193739,48026.407077672506,validation_multiplier,0.8,48026.407077672506,303,1758,0.3381471633911133,
"ElasticNet | raw | {'alpha': 0.01, 'l1_ratio': 0.2}",ElasticNet,FULL,raw,"{""alpha"": 0.01, ""l1_ratio"": 0.2}",110946.47748589049,84247.1807434232,52119.95621140023,87164.94023472322,48437.217771356576,validation_multiplier,0.8,48437.217771356576,303,1758,1.2948362827301023,
"ElasticNet | winsorized | {'alpha': 0.003, 'l1_ratio': 0.5}",ElasticNet,FULL,winsorized,"{""alpha"": 0.003, ""l1_ratio"": 0.5}",111534.87410835036,83977.00104962643,52105.41541518948,79712.07278883566,48470.91725805748,validation_multiplier,0.8,48470.91725805748,303,1758,1.9154436588287356,
"ElasticNet | raw | {'alpha': 0.003, 'l1_ratio': 0.8}",ElasticNet,FULL,raw,"{""alpha"": 0.003, ""l1_ratio"": 0.8}",111155.6969658686,84245.23835290642,52256.06211001782,87602.76690726871,48501.87771694156,validation_multiplier,0.8,48501.87771694156,303,1758,1.5277326107025146,
Ridge | winsorized | {'alpha': 30.0},Ridge,FULL,winsorized,"{""alpha"": 30.0}",111599.54879296462,83882.46393644721,52928.00789177912,81641.98738781671,48997.66740205007,validation_multiplier,0.8,48997.66740205007,303,1758,0.3100898265838623,
LASSO | winsorized | {'alpha': 0.001},LASSO,FULL,winsorized,"{""alpha"": 0.001}",113157.18013545286,83422.94126382892,53379.125257791085,82582.9419192272,49259.41297073351,validation_multiplier,0.8,49259.41297073351,303,1758,2.910784959793091,
"ElasticNet | winsorized | {'alpha': 0.003, 'l1_ratio': 0.2}",ElasticNet,FULL,winsorized,"{""alpha"": 0.003, ""l1_ratio"": 0.2}",113505.39006201753,83314.27446117258,53850.1846230096,83612.63767461202,49562.522653504704,validation_multiplier,0.8,49562.522653504704,303,1758,3.0817081928253174,
"ElasticNet | winsorized | {'alpha': 0.001, 'l1_ratio': 0.8}",ElasticNet,FULL,winsorized,"{""alpha"": 0.001, ""l1_ratio"": 0.8}",113596.47274447414,83270.13156146224,53853.754872868514,83603.65073539432,49563.74108586436,validation_multiplier,0.8,49563.74108586436,303,1758,3.0560171604156494,
"ElasticNet | raw | {'alpha': 0.003, 'l1_ratio': 0.5}",ElasticNet,FULL,raw,"{""alpha"": 0.003, ""l1_ratio"": 0.5}",112442.25360240768,83845.4261996135,54161.04829611888,92065.63729899182,49665.957613489736,validation_multiplier,0.8,49665.957613489736,303,1758,1.7410104274749756,
"ElasticNet | winsorized | {'alpha': 0.001, 'l1_ratio': 0.5}",ElasticNet,FULL,winsorized,"{""alpha"": 0.001, ""l1_ratio"": 0.5}",114298.91269220698,82998.09935745997,54680.21821500626,85390.77780071241,50093.07445633736,validation_multiplier,0.8,50093.07445633736,303,1758,3.51697301864624,
Ridge | winsorized | {'alpha': 10.0},Ridge,FULL,winsorized,"{""alpha"": 10.0}",113812.54350150898,83197.2071469413,54893.326396540535,85895.11458688803,50232.91672414454,validation_multiplier,0.8,50232.91672414454,303,1758,0.357722520828247,
Ridge | raw | {'alpha': 30.0},Ridge,FULL,raw,"{""alpha"": 30.0}",112279.47330653763,83828.75651080735,55234.92951723073,94686.56404781376,50349.31145005463,validation_multiplier,0.8,50349.31145005463,303,1758,0.2972364425659179,
LASSO | winsorized | {'alpha': 0.0003},LASSO,FULL,winsorized,"{""alpha"": 0.0003}",115102.57820580355,82657.79204513703,55576.3199887302,87287.55484750903,50676.05084754168,validation_multiplier,0.8,50676.05084754168,303,1758,4.258536338806152,
"ElasticNet | winsorized | {'alpha': 0.001, 'l1_ratio': 0.2}",ElasticNet,FULL,winsorized,"{""alpha"": 0.001, ""l1_ratio"": 0.2}",115056.95515086704,82701.58572941933,55648.74560287024,87446.01048045664,50723.886647569896,validation_multiplier,0.8,50723.886647569896,303,1758,4.177244186401367,
LASSO | raw | {'alpha': 0.001},LASSO,FULL,raw,"{""alpha"": 0.001}",113881.22308746543,83367.78219699686,55922.56571737517,96089.66190466452,50777.69972620212,validation_multiplier,0.8,50777.69972620212,303,1758,2.820863485336304,
"ElasticNet | winsorized | {'alpha': 0.0003, 'l1_ratio': 0.8}",ElasticNet,FULL,winsorized,"{""alpha"": 0.0003, ""l1_ratio"": 0.8}",115267.75670532082,82595.9284727318,55784.61615816657,87719.89536703815,50814.16512868838,validation_multiplier,0.8,50814.16512868838,303,1758,4.244121074676514,
Ridge | winsorized | {'alpha': 3.0},Ridge,FULL,winsorized,"{""alpha"": 3.0}",115142.49362333526,82708.09404083234,56045.37588362399,88298.4942013216,50984.62276019563,validation_multiplier,0.8,50984.62276019563,303,1758,0.3737051486968994,
"ElasticNet | winsorized | {'alpha': 0.0003, 'l1_ratio': 0.5}",ElasticNet,FULL,winsorized,"{""alpha"": 0.0003, ""l1_ratio"": 0.5}",115518.4645127545,82503.71124019109,56082.719013601614,88345.59249159956,51011.048570406376,validation_multiplier,0.8,51011.048570406376,303,1758,4.509809970855713,
"ElasticNet | raw | {'alpha': 0.003, 'l1_ratio': 0.2}",ElasticNet,FULL,raw,"{""alpha"": 0.003, ""l1_ratio"": 0.2}",114179.45975029295,83280.1513798224,56533.00395067605,97469.18411757954,51172.92218687717,validation_multiplier,0.8,51172.92218687717,303,1758,3.0031349658966064,
"ElasticNet | raw | {'alpha': 0.001, 'l1_ratio': 0.8}",ElasticNet,FULL,raw,"{""alpha"": 0.001, ""l1_ratio"": 0.8}",114319.70393711809,83211.09113228045,56540.35076729433,97457.11995674892,51178.701474709625,validation_multiplier,0.8,51178.701474709625,303,1758,2.9295847415924072,
LASSO | winsorized | {'alpha': 0.0001},LASSO,FULL,winsorized,"{""alpha"": 0.0001}",115772.47318624031,82399.21890188452,56337.94272607048,88878.40162747579,51180.14510227688,validation_multiplier,0.8,51180.14510227688,303,1758,5.634089946746826,
"ElasticNet | winsorized | {'alpha': 0.0003, 'l1_ratio': 0.2}",ElasticNet,FULL,winsorized,"{""alpha"": 0.0003, ""l1_ratio"": 0.2}",115778.24403788618,82410.88428212669,56391.58995057892,88997.50056723956,51215.07028760171,validation_multiplier,0.8,51215.07028760171,303,1758,4.790088653564453,
Ridge | winsorized | {'alpha': 1.0},Ridge,FULL,winsorized,"{""alpha"": 1.0}",115740.32277090431,82449.10091382523,56484.14510581892,89199.14352676872,51276.01720519377,validation_multiplier,0.8,51276.01720519377,303,1758,0.4367842674255371,
Ridge | winsorized | {'alpha': 0.3},Ridge,FULL,winsorized,"{""alpha"": 0.3}",116005.10731257848,82325.87956474232,56656.0391851274,89549.97133347293,51390.90365637691,validation_multiplier,0.8,51390.90365637691,303,1758,0.3408534526824951,
Ridge | winsorized | {'alpha': 0.1},Ridge,FULL,winsorized,"{""alpha"": 0.1}",116088.74365128184,82285.92999218154,56707.22652697428,89654.23158143407,51425.19233217544,validation_multiplier,0.8,51425.19233217544,303,1758,0.331859827041626,
"ElasticNet | raw | {'alpha': 0.001, 'l1_ratio': 0.5}",ElasticNet,FULL,raw,"{""alpha"": 0.001, ""l1_ratio"": 0.5}",115068.92446106928,82909.43568761481,57579.807391834765,98592.03021550686,51864.86855007373,validation_multiplier,0.8,51864.86855007373,303,1758,3.665956497192383,
Ridge | raw | {'alpha': 10.0},Ridge,FULL,raw,"{""alpha"": 10.0}",114440.05480980336,83183.64968332188,57671.01695992868,99121.21321878087,51921.34230179504,validation_multiplier,0.8,51921.34230179504,303,1758,0.3039164543151855,
LASSO | raw | {'alpha': 0.0003},LASSO,FULL,raw,"{""alpha"": 0.0003}",115976.53498488475,82531.25213978504,58657.63404349751,99625.8324100194,52582.356490080456,validation_multiplier,0.8,52582.356490080456,303,1758,4.343826055526733,
"ElasticNet | raw | {'alpha': 0.001, 'l1_ratio': 0.2}",ElasticNet,FULL,raw,"{""alpha"": 0.001, ""l1_ratio"": 0.2}",115883.56216033544,82603.236531669,58709.05446636671,99809.7440769508,52614.42375731423,validation_multiplier,0.8,52614.42375731423,303,1758,3.9716522693634033,
"ElasticNet | raw | {'alpha': 0.0003, 'l1_ratio': 0.8}",ElasticNet,FULL,raw,"{""alpha"": 0.0003, ""l1_ratio"": 0.8}",116156.51473441588,82466.27197168535,58900.97941053439,99893.29198993344,52744.23939123399,validation_multiplier,0.8,52744.23939123399,303,1758,4.188199043273926,
Ridge | raw | {'alpha': 3.0},Ridge,FULL,raw,"{""alpha"": 3.0}",115920.06157208249,82643.64436424446,59166.76262318957,100408.13568788662,52918.53922876086,validation_multiplier,0.8,52918.53922876086,303,1758,0.3191390037536621,
"ElasticNet | raw | {'alpha': 0.0003, 'l1_ratio': 0.5}",ElasticNet,FULL,raw,"{""alpha"": 0.0003, ""l1_ratio"": 0.5}",116429.33347348215,82369.7434056528,59282.43053065887,100275.45888004056,52999.982955064654,validation_multiplier,0.8,52999.982955064654,303,1758,4.445874452590942,
LASSO | raw | {'alpha': 0.0001},LASSO,FULL,raw,"{""alpha"": 0.0001}",116720.47668855156,82251.54970289354,59603.90303573514,100566.53426288068,53216.62826963742,validation_multiplier,0.8,53216.62826963742,303,1758,5.32115650177002,
"ElasticNet | raw | {'alpha': 0.0003, 'l1_ratio': 0.2}",ElasticNet,FULL,raw,"{""alpha"": 0.0003, ""l1_ratio"": 0.2}",116708.9329340253,82272.29927663416,59654.38613954711,100665.29778152486,53249.77267005892,validation_multiplier,0.8,53249.77267005892,303,1758,5.1325788497924805,
Ridge | raw | {'alpha': 1.0},Ridge,FULL,raw,"{""alpha"": 1.0}",116634.0130809553,82334.28754494425,59751.21220195473,100826.92412998532,53313.83662586825,validation_multiplier,0.8,53313.83662586825,303,1758,0.5260858535766602,
Ridge | raw | {'alpha': 0.3},Ridge,FULL,raw,"{""alpha"": 0.3}",116965.04372526228,82181.10407493498,59982.35275564258,100980.70173888866,53470.95937501152,validation_multiplier,0.8,53470.95937501152,303,1758,0.3303201198577881,
Ridge | raw | {'alpha': 0.1},Ridge,FULL,raw,"{""alpha"": 0.1}",117071.73765047986,82130.65631326844,60051.413406222615,101025.41023514575,53517.98790103357,validation_multiplier,0.8,53517.98790103357,303,1758,1.322418451309204,
